"quality_band","OBJECTID","HYDRO_TYPE","NAME","DWQREVIEW","non_empty_fields","completeness_ratio","name_length","ingested_at","ingest_year","ingest_month","min_ratio"
"LOW",1," "," ","",1,0.25,1,"2026-02-22 08:09:58.263232",2026,2,0.0
"LOW",2,"LAKE/POND"," ","",2,0.5,1,"2026-02-22 08:09:58.263232",2026,2,0.0
"MEDIUM",3,"LAKE/POND","UNNAMED","",3,0.75,7,"2026-02-22 08:09:58.263232",2026,2,0.6
"LOW",4,"LAKE/POND"," ","",2,0.5,1,"2026-02-22 08:09:58.263232",2026,2,0.0
"LOW",5," ","UNNAMED","",2,0.5,7,"2026-02-22 08:09:58.263232",2026,2,0.0
"LOW",6," ","BUFFALO CREEK","",2,0.5,13,"2026-02-22 08:09:58.263232",2026,2,0.0
"LOW",7," "," ","",1,0.25,1,"2026-02-22 08:09:58.263232",2026,2,0.0
"LOW",8,"LAKE/POND"," ","",2,0.5,1,"2026-02-22 08:09:58.263232",2026,2,0.0
"LOW",9," ","UNNAMED","",2,0.5,7,"2026-02-22 08:09:58.263232",2026,2,0.0
"LOW",10,"DAM/WEIR"," ","",2,0.5,1,"2026-02-22 08:09:58.263232",2026,2,0.0
"LOW",11,"LAKE/POND"," ","",2,0.5,1,"2026-02-22 08:09:58.263232",2026,2,0.0
"LOW",12," ","NEW LIGHT CREEK","",2,0.5,15,"2026-02-22 08:09:58.263232",2026,2,0.0
"MEDIUM",13,"LAKE/POND","UNNAMED","",3,0.75,7,"2026-02-22 08:09:58.263232",2026,2,0.6
"LOW",14,"DAM/WEIR"," ","",2,0.5,1,"2026-02-22 08:09:58.263232",2026,2,0.0
"LOW",15,"DAM/WEIR"," ","",2,0.5,1,"2026-02-22 08:09:58.263232",2026,2,0.0
"LOW",16,"DAM/WEIR"," ","",2,0.5,1,"2026-02-22 08:09:58.263232",2026,2,0.0
"LOW",17,"DAM/WEIR"," ","",2,0.5,1,"2026-02-22 08:09:58.263232",2026,2,0.0
"LOW",18," ","WHITE OAK CREEK","",2,0.5,15,"2026-02-22 08:09:58.263232",2026,2,0.0
"LOW",19,"DAM/WEIR"," ","",2,0.5,1,"2026-02-22 08:09:58.263232",2026,2,0.0
"LOW",20," ","LITTLE RIVER","",2,0.5,12,"2026-02-22 08:09:58.263232",2026,2,0.0
"MEDIUM",21,"LAKE/POND","UNNAMED","",3,0.75,7,"2026-02-22 08:09:58.263232",2026,2,0.6
"LOW",22," "," ","",1,0.25,1,"2026-02-22 08:09:58.263232",2026,2,0.0
"LOW",23," ","UNNAMED","",2,0.5,7,"2026-02-22 08:09:58.263232",2026,2,0.0
"LOW",24,"DAM/WEIR"," ","",2,0.5,1,"2026-02-22 08:09:58.263232",2026,2,0.0
"MEDIUM",25,"LAKE/POND","UNNAMED","",3,0.75,7,"2026-02-22 08:09:58.263232",2026,2,0.6
"MEDIUM",26,"LAKE/POND","WHITEOAK CREEK","",3,0.75,14,"2026-02-22 08:09:58.263232",2026,2,0.6
"LOW",27," "," ","",1,0.25,1,"2026-02-22 08:09:58.263232",2026,2,0.0
"MEDIUM",28,"LAKE/POND","UNNAMED","",3,0.75,7,"2026-02-22 08:09:58.263232",2026,2,0.6
"LOW",29,"DAM/WEIR"," ","",2,0.5,1,"2026-02-22 08:09:58.263232",2026,2,0.0
"LOW",30,"DAM/WEIR"," ","",2,0.5,1,"2026-02-22 08:09:58.263232",2026,2,0.0
"LOW",31," ","UNNAMED","",2,0.5,7,"2026-02-22 08:09:58.263232",2026,2,0.0
"MEDIUM",32,"LAKE/POND","UNNAMED","",3,0.75,7,"2026-02-22 08:09:58.263232",2026,2,0.6
"MEDIUM",33,"LAKE/POND","UNNAMED","",3,0.75,7,"2026-02-22 08:09:58.263232",2026,2,0.6
"MEDIUM",34,"LAKE/POND","FALLS LAKE","",3,0.75,10,"2026-02-22 08:09:58.263232",2026,2,0.6
"LOW",35," "," ","",1,0.25,1,"2026-02-22 08:09:58.263232",2026,2,0.0
"LOW",36,"DAM/WEIR"," ","",2,0.5,1,"2026-02-22 08:09:58.263232",2026,2,0.0
"LOW",37," "," ","",1,0.25,1,"2026-02-22 08:09:58.263232",2026,2,0.0
"MEDIUM",38,"RESERVOIR","UNNAMED","",3,0.75,7,"2026-02-22 08:09:58.263232",2026,2,0.6
"LOW",39," ","HORSE CREEK","",2,0.5,11,"2026-02-22 08:09:58.263232",2026,2,0.0
"LOW",40,"DAM/WEIR"," ","",2,0.5,1,"2026-02-22 08:09:58.263232",2026,2,0.0
"LOW",41,"DAM/WEIR"," ","",2,0.5,1,"2026-02-22 08:09:58.263232",2026,2,0.0
"LOW",42,"DAM/WEIR"," ","",2,0.5,1,"2026-02-22 08:09:58.263232",2026,2,0.0
"LOW",43," "," ","",1,0.25,1,"2026-02-22 08:09:58.263232",2026,2,0.0
"LOW",44," "," ","",1,0.25,1,"2026-02-22 08:09:58.263232",2026,2,0.0
"LOW",45," "," ","",1,0.25,1,"2026-02-22 08:09:58.263232",2026,2,0.0
"LOW",46,"LAKE/POND"," ","",2,0.5,1,"2026-02-22 08:09:58.263232",2026,2,0.0
"LOW",47," ","UNNAMED","",2,0.5,7,"2026-02-22 08:09:58.263232",2026,2,0.0
"LOW",48,"DAM/WEIR"," ","",2,0.5,1,"2026-02-22 08:09:58.263232",2026,2,0.0
"LOW",49,"LAKE/POND"," ","",2,0.5,1,"2026-02-22 08:09:58.263232",2026,2,0.0
"LOW",50," "," ","",1,0.25,1,"2026-02-22 08:09:58.263232",2026,2,0.0
"LOW",51,"LAKE/POND"," ","",2,0.5,1,"2026-02-22 08:09:58.263232",2026,2,0.0
"LOW",52," "," ","",1,0.25,1,"2026-02-22 08:09:58.263232",2026,2,0.0
"LOW",53," ","UNNAMED","",2,0.5,7,"2026-02-22 08:09:58.263232",2026,2,0.0
"LOW",54,"DAM/WEIR"," ","",2,0.5,1,"2026-02-22 08:09:58.263232",2026,2,0.0
"LOW",55,"DAM/WEIR"," ","",2,0.5,1,"2026-02-22 08:09:58.263232",2026,2,0.0
"LOW",56,"TUNNEL/CULVERT"," ","",2,0.5,1,"2026-02-22 08:09:58.263232",2026,2,0.0
"LOW",57,"DAM/WEIR"," ","",2,0.5,1,"2026-02-22 08:09:58.263232",2026,2,0.0
"LOW",58,"LAKE/POND"," ","",2,0.5,1,"2026-02-22 08:09:58.263232",2026,2,0.0
"LOW",59," ","PERRY CREEK","",2,0.5,11,"2026-02-22 08:09:58.263232",2026,2,0.0
"LOW",60," "," ","",1,0.25,1,"2026-02-22 08:09:58.263232",2026,2,0.0
"MEDIUM",61,"LAKE/POND","UNNAMED","",3,0.75,7,"2026-02-22 08:09:58.263232",2026,2,0.6
"LOW",62,"DAM/WEIR"," ","",2,0.5,1,"2026-02-22 08:09:58.263232",2026,2,0.0
"LOW",63,"DAM/WEIR"," ","",2,0.5,1,"2026-02-22 08:09:58.263232",2026,2,0.0
"LOW",64,"LAKE/POND"," ","",2,0.5,1,"2026-02-22 08:09:58.263232",2026,2,0.0
"LOW",65,"DAM/WEIR"," ","",2,0.5,1,"2026-02-22 08:09:58.263232",2026,2,0.0
"MEDIUM",66,"LAKE/POND","UNNAMED","",3,0.75,7,"2026-02-22 08:09:58.263232",2026,2,0.6
"LOW",67," "," ","",1,0.25,1,"2026-02-22 08:09:58.263232",2026,2,0.0
"LOW",68," ","HORSE CREEK","",2,0.5,11,"2026-02-22 08:09:58.263232",2026,2,0.0
"MEDIUM",69,"STREAM/RIVER","HORSE CREEK","",3,0.75,11,"2026-02-22 08:09:58.263232",2026,2,0.6
"LOW",70," ","HORSE CREEK","",2,0.5,11,"2026-02-22 08:09:58.263232",2026,2,0.0
"LOW",71," "," ","",1,0.25,1,"2026-02-22 08:09:58.263232",2026,2,0.0
"LOW",72,"LAKE/POND"," ","",2,0.5,1,"2026-02-22 08:09:58.263232",2026,2,0.0
"LOW",73,"DAM/WEIR"," ","",2,0.5,1,"2026-02-22 08:09:58.263232",2026,2,0.0
"LOW",74,"DAM/WEIR"," ","",2,0.5,1,"2026-02-22 08:09:58.263232",2026,2,0.0
"LOW",75,"DAM/WEIR"," ","",2,0.5,1,"2026-02-22 08:09:58.263232",2026,2,0.0
"LOW",76,"DAM/WEIR"," ","",2,0.5,1,"2026-02-22 08:09:58.263232",2026,2,0.0
"LOW",77,"DAM/WEIR"," ","",2,0.5,1,"2026-02-22 08:09:58.263232",2026,2,0.0
"LOW",78,"DAM/WEIR"," ","",2,0.5,1,"2026-02-22 08:09:58.263232",2026,2,0.0
"LOW",79,"ROCK/ISLAND"," ","",2,0.5,1,"2026-02-22 08:09:58.263232",2026,2,0.0
"LOW",80," ","HORSE CREEK","",2,0.5,11,"2026-02-22 08:09:58.263232",2026,2,0.0
"LOW",81,"ROCK/ISLAND"," ","",2,0.5,1,"2026-02-22 08:09:58.263232",2026,2,0.0
"LOW",82," ","HORSE CREEK","",2,0.5,11,"2026-02-22 08:09:58.263232",2026,2,0.0
"MEDIUM",83,"LAKE/POND","UNNAMED","",3,0.75,7,"2026-02-22 08:09:58.263232",2026,2,0.6
"LOW",84,"DAM/WEIR"," ","",2,0.5,1,"2026-02-22 08:09:58.263232",2026,2,0.0
"MEDIUM",85,"LAKE/POND","UNNAMED","",3,0.75,7,"2026-02-22 08:09:58.263232",2026,2,0.6
"LOW",86,"DAM/WEIR"," ","",2,0.5,1,"2026-02-22 08:09:58.263232",2026,2,0.0
"LOW",87,"DAM/WEIR"," ","",2,0.5,1,"2026-02-22 08:09:58.263232",2026,2,0.0
"LOW",88,"LAKE/POND"," ","",2,0.5,1,"2026-02-22 08:09:58.263232",2026,2,0.0
"LOW",89," "," ","",1,0.25,1,"2026-02-22 08:09:58.263232",2026,2,0.0
"LOW",90,"DAM/WEIR"," ","",2,0.5,1,"2026-02-22 08:09:58.263232",2026,2,0.0
"LOW",91," ","NEW LIGHT CREEK","",2,0.5,15,"2026-02-22 08:09:58.263232",2026,2,0.0
"LOW",92,"LAKE/POND"," ","",2,0.5,1,"2026-02-22 08:09:58.263232",2026,2,0.0
"MEDIUM",93,"LAKE/POND","UNNAMED","",3,0.75,7,"2026-02-22 08:09:58.263232",2026,2,0.6
"LOW",94,"DAM/WEIR"," ","",2,0.5,1,"2026-02-22 08:09:58.263232",2026,2,0.0
"LOW",95," ","HORSE CREEK","",2,0.5,11,"2026-02-22 08:09:58.263232",2026,2,0.0
"LOW",96," "," ","",1,0.25,1,"2026-02-22 08:09:58.263232",2026,2,0.0
"MEDIUM",97,"STREAM/RIVER","NEUSE RIVER","",3,0.75,11,"2026-02-22 08:09:58.263232",2026,2,0.6
"LOW",98,"DAM/WEIR"," ","",2,0.5,1,"2026-02-22 08:09:58.263232",2026,2,0.0
"MEDIUM",99,"LAKE/POND","UNNAMED","",3,0.75,7,"2026-02-22 08:09:58.263232",2026,2,0.6
"MEDIUM",100,"LAKE/POND","UNNAMED","",3,0.75,7,"2026-02-22 08:09:58.263232",2026,2,0.6
"LOW",101,"DAM/WEIR"," ","",2,0.5,1,"2026-02-22 08:09:58.263232",2026,2,0.0
"LOW",102,"DAM/WEIR"," ","",2,0.5,1,"2026-02-22 08:09:58.263232",2026,2,0.0
"LOW",103,"DAM/WEIR"," ","",2,0.5,1,"2026-02-22 08:09:58.263232",2026,2,0.0
"LOW",104,"DAM/WEIR"," ","",2,0.5,1,"2026-02-22 08:09:58.263232",2026,2,0.0
"LOW",105," ","NEW LIGHT CREEK","",2,0.5,15,"2026-02-22 08:09:58.263232",2026,2,0.0
"LOW",106," ","NEW LIGHT CREEK","",2,0.5,15,"2026-02-22 08:09:58.263232",2026,2,0.0
"LOW",107,"LAKE/POND"," ","",2,0.5,1,"2026-02-22 08:09:58.263232",2026,2,0.0
"LOW",108,"DAM/WEIR"," ","",2,0.5,1,"2026-02-22 08:09:58.263232",2026,2,0.0
"LOW",109,"DAM/WEIR"," ","",2,0.5,1,"2026-02-22 08:09:58.263232",2026,2,0.0
"LOW",110," ","HARRIS CREEK","",2,0.5,12,"2026-02-22 08:09:58.263232",2026,2,0.0
"MEDIUM",111,"LAKE/POND","UNNAMED","",3,0.75,7,"2026-02-22 08:09:58.263232",2026,2,0.6
"LOW",112," ","UNNAMED","",2,0.5,7,"2026-02-22 08:09:58.263232",2026,2,0.0
"LOW",113,"DAM/WEIR"," ","",2,0.5,1,"2026-02-22 08:09:58.263232",2026,2,0.0
"LOW",114," ","UNNAMED","",2,0.5,7,"2026-02-22 08:09:58.263232",2026,2,0.0
"LOW",115," ","WHITE OAK CREEK","",2,0.5,15,"2026-02-22 08:09:58.263232",2026,2,0.0
"LOW",116,"DAM/WEIR"," ","",2,0.5,1,"2026-02-22 08:09:58.263232",2026,2,0.0
"MEDIUM",117,"LAKE/POND","UNNAMED","",3,0.75,7,"2026-02-22 08:09:58.263232",2026,2,0.6
"LOW",118,"DAM/WEIR"," ","",2,0.5,1,"2026-02-22 08:09:58.263232",2026,2,0.0
"LOW",119,"DAM/WEIR"," ","",2,0.5,1,"2026-02-22 08:09:58.263232",2026,2,0.0
"LOW",120,"ROCK/ISLAND"," ","",2,0.5,1,"2026-02-22 08:09:58.263232",2026,2,0.0
"LOW",121,"ROCK/ISLAND"," ","",2,0.5,1,"2026-02-22 08:09:58.263232",2026,2,0.0
"MEDIUM",122,"LAKE/POND","UNNAMED","",3,0.75,7,"2026-02-22 08:09:58.263232",2026,2,0.6
"LOW",123,"LAKE/POND"," ","",2,0.5,1,"2026-02-22 08:09:58.263232",2026,2,0.0
"MEDIUM",124,"LAKE/POND","UNNAMED","",3,0.75,7,"2026-02-22 08:09:58.263232",2026,2,0.6
"MEDIUM",125,"LAKE/POND","UNNAMED","",3,0.75,7,"2026-02-22 08:09:58.263232",2026,2,0.6
"LOW",126," "," ","",1,0.25,1,"2026-02-22 08:09:58.263232",2026,2,0.0
"LOW",127,"DAM/WEIR"," ","",2,0.5,1,"2026-02-22 08:09:58.263232",2026,2,0.0
"MEDIUM",128,"LAKE/POND","UNNAMED","",3,0.75,7,"2026-02-22 08:09:58.263232",2026,2,0.6
"LOW",129,"DAM/WEIR"," ","",2,0.5,1,"2026-02-22 08:09:58.263232",2026,2,0.0
"LOW",130," ","HORSE CREEK","",2,0.5,11,"2026-02-22 08:09:58.263232",2026,2,0.0
"LOW",131,"DAM/WEIR"," ","",2,0.5,1,"2026-02-22 08:09:58.263232",2026,2,0.0
"LOW",132,"LAKE/POND"," ","",2,0.5,1,"2026-02-22 08:09:58.263232",2026,2,0.0
"LOW",133,"DAM/WEIR"," ","",2,0.5,1,"2026-02-22 08:09:58.263232",2026,2,0.0
"LOW",134,"TUNNEL/CULVERT"," ","",2,0.5,1,"2026-02-22 08:09:58.263232",2026,2,0.0
"LOW",135,"DAM/WEIR"," ","",2,0.5,1,"2026-02-22 08:09:58.263232",2026,2,0.0
"LOW",136," ","HARRIS CREEK","",2,0.5,12,"2026-02-22 08:09:58.263232",2026,2,0.0
"LOW",137,"DAM/WEIR"," ","",2,0.5,1,"2026-02-22 08:09:58.263232",2026,2,0.0
"MEDIUM",138,"LAKE/POND","UNNAMED","",3,0.75,7,"2026-02-22 08:09:58.263232",2026,2,0.6
"LOW",139,"DAM/WEIR"," ","",2,0.5,1,"2026-02-22 08:09:58.263232",2026,2,0.0
"LOW",140,"LAKE/POND"," ","",2,0.5,1,"2026-02-22 08:09:58.263232",2026,2,0.0
"LOW",141," ","UNNAMED","",2,0.5,7,"2026-02-22 08:09:58.263232",2026,2,0.0
"LOW",142,"DAM/WEIR"," ","",2,0.5,1,"2026-02-22 08:09:58.263232",2026,2,0.0
"LOW",143,"LAKE/POND"," ","",2,0.5,1,"2026-02-22 08:09:58.263232",2026,2,0.0
"MEDIUM",144,"LAKE/POND","UNNAMED","",3,0.75,7,"2026-02-22 08:09:58.263232",2026,2,0.6
"LOW",145," ","LOWER BARTON CREEK","",2,0.5,18,"2026-02-22 08:09:58.263232",2026,2,0.0
"LOW",146,"DAM/WEIR"," ","",2,0.5,1,"2026-02-22 08:09:58.263232",2026,2,0.0
"LOW",147,"DAM/WEIR"," ","",2,0.5,1,"2026-02-22 08:09:58.263232",2026,2,0.0
"MEDIUM",148,"LAKE/POND","UNNAMED","",3,0.75,7,"2026-02-22 08:09:58.263232",2026,2,0.6
"LOW",149," ","UNNAMED","",2,0.5,7,"2026-02-22 08:09:58.263232",2026,2,0.0
"LOW",150," "," ","",1,0.25,1,"2026-02-22 08:09:58.263232",2026,2,0.0
"LOW",151,"LAKE/POND"," ","",2,0.5,1,"2026-02-22 08:09:58.263232",2026,2,0.0
"LOW",152,"RESERVOIR"," ","",2,0.5,1,"2026-02-22 08:09:58.263232",2026,2,0.0
"LOW",153,"DAM/WEIR"," ","",2,0.5,1,"2026-02-22 08:09:58.263232",2026,2,0.0
"LOW",154,"DAM/WEIR"," ","",2,0.5,1,"2026-02-22 08:09:58.263232",2026,2,0.0
"LOW",155,"DAM/WEIR"," ","",2,0.5,1,"2026-02-22 08:09:58.263232",2026,2,0.0
"LOW",156," "," ","",1,0.25,1,"2026-02-22 08:09:58.263232",2026,2,0.0
"LOW",157,"DAM/WEIR"," ","",2,0.5,1,"2026-02-22 08:09:58.263232",2026,2,0.0
"LOW",158,"DAM/WEIR"," ","",2,0.5,1,"2026-02-22 08:09:58.263232",2026,2,0.0
"LOW",159,"DAM/WEIR"," ","",2,0.5,1,"2026-02-22 08:09:58.263232",2026,2,0.0
"LOW",160," "," ","",1,0.25,1,"2026-02-22 08:09:58.263232",2026,2,0.0
"MEDIUM",161,"LAKE/POND","UNNAMED","",3,0.75,7,"2026-02-22 08:09:58.263232",2026,2,0.6
"LOW",162,"RESERVOIR"," ","",2,0.5,1,"2026-02-22 08:09:58.263232",2026,2,0.0
"LOW",163,"RESERVOIR"," ","",2,0.5,1,"2026-02-22 08:09:58.263232",2026,2,0.0
"LOW",164,"DAM/WEIR"," ","",2,0.5,1,"2026-02-22 08:09:58.263232",2026,2,0.0
"LOW",165,"DAM/WEIR"," ","",2,0.5,1,"2026-02-22 08:09:58.263232",2026,2,0.0
"LOW",166,"LAKE/POND"," ","",2,0.5,1,"2026-02-22 08:09:58.263232",2026,2,0.0
"LOW",167,"DAM/WEIR"," ","",2,0.5,1,"2026-02-22 08:09:58.263232",2026,2,0.0
"LOW",168,"DAM/WEIR"," ","",2,0.5,1,"2026-02-22 08:09:58.263232",2026,2,0.0
"LOW",169,"TUNNEL/CULVERT"," ","",2,0.5,1,"2026-02-22 08:09:58.263232",2026,2,0.0
"LOW",170," "," ","",1,0.25,1,"2026-02-22 08:09:58.263232",2026,2,0.0
"LOW",171," ","UNNAMED","",2,0.5,7,"2026-02-22 08:09:58.263232",2026,2,0.0
"LOW",172,"DAM/WEIR"," ","",2,0.5,1,"2026-02-22 08:09:58.263232",2026,2,0.0
"LOW",173,"DAM/WEIR"," ","",2,0.5,1,"2026-02-22 08:09:58.263232",2026,2,0.0
"LOW",174,"DAM/WEIR"," ","",2,0.5,1,"2026-02-22 08:09:58.263232",2026,2,0.0
"LOW",175," ","NEW LIGHT CREEK","",2,0.5,15,"2026-02-22 08:09:58.263232",2026,2,0.0
"LOW",176," "," ","",1,0.25,1,"2026-02-22 08:09:58.263232",2026,2,0.0
"LOW",177," "," ","",1,0.25,1,"2026-02-22 08:09:58.263232",2026,2,0.0
"LOW",178,"LAKE/POND"," ","",2,0.5,1,"2026-02-22 08:09:58.263232",2026,2,0.0
"LOW",179," "," ","",1,0.25,1,"2026-02-22 08:09:58.263232",2026,2,0.0
"LOW",180,"DAM/WEIR"," ","",2,0.5,1,"2026-02-22 08:09:58.263232",2026,2,0.0
"MEDIUM",181,"LAKE/POND","UNNAMED","",3,0.75,7,"2026-02-22 08:09:58.263232",2026,2,0.6
"LOW",182," ","UNNAMED","",2,0.5,7,"2026-02-22 08:09:58.263232",2026,2,0.0
"LOW",183,"DAM/WEIR"," ","",2,0.5,1,"2026-02-22 08:09:58.263232",2026,2,0.0
"MEDIUM",184,"LAKE/POND","UNNAMED","",3,0.75,7,"2026-02-22 08:09:58.263232",2026,2,0.6
"LOW",185,"LAKE/POND"," ","",2,0.5,1,"2026-02-22 08:09:58.263232",2026,2,0.0
"LOW",186,"DAM/WEIR"," ","",2,0.5,1,"2026-02-22 08:09:58.263232",2026,2,0.0
"LOW",187,"DAM/WEIR"," ","",2,0.5,1,"2026-02-22 08:09:58.263232",2026,2,0.0
"LOW",188," ","UNNAMED","",2,0.5,7,"2026-02-22 08:09:58.263232",2026,2,0.0
"LOW",189,"LAKE/POND"," ","",2,0.5,1,"2026-02-22 08:09:58.263232",2026,2,0.0
"MEDIUM",190,"LAKE/POND","UNNAMED","",3,0.75,7,"2026-02-22 08:09:58.263232",2026,2,0.6
"LOW",191,"ROCK/ISLAND"," ","",2,0.5,1,"2026-02-22 08:09:58.263232",2026,2,0.0
"LOW",192,"DAM/WEIR"," ","",2,0.5,1,"2026-02-22 08:09:58.263232",2026,2,0.0
"LOW",193,"DAM/WEIR"," ","",2,0.5,1,"2026-02-22 08:09:58.263232",2026,2,0.0
"LOW",194,"DAM/WEIR"," ","",2,0.5,1,"2026-02-22 08:09:58.263232",2026,2,0.0
"LOW",195,"LAKE/POND"," ","",2,0.5,1,"2026-02-22 08:09:58.263232",2026,2,0.0
"LOW",196,"LAKE/POND"," ","",2,0.5,1,"2026-02-22 08:09:58.263232",2026,2,0.0
"MEDIUM",197,"LAKE/POND","UNNAMED","",3,0.75,7,"2026-02-22 08:09:58.263232",2026,2,0.6
"LOW",198,"TUNNEL/CULVERT"," ","",2,0.5,1,"2026-02-22 08:09:58.263232",2026,2,0.0
"LOW",199," ","UNNAMED","",2,0.5,7,"2026-02-22 08:09:58.263232",2026,2,0.0
"LOW",200,"DAM/WEIR"," ","",2,0.5,1,"2026-02-22 08:09:58.263232",2026,2,0.0
"LOW",201,"DAM/WEIR"," ","",2,0.5,1,"2026-02-22 08:09:58.263232",2026,2,0.0
"LOW",202,"DAM/WEIR"," ","",2,0.5,1,"2026-02-22 08:09:58.263232",2026,2,0.0
"MEDIUM",203,"LAKE/POND","UNNAMED","",3,0.75,7,"2026-02-22 08:09:58.263232",2026,2,0.6
"MEDIUM",204,"LAKE/POND","UNNAMED","",3,0.75,7,"2026-02-22 08:09:58.263232",2026,2,0.6
"LOW",205,"DAM/WEIR"," ","",2,0.5,1,"2026-02-22 08:09:58.263232",2026,2,0.0
"LOW",206,"DAM/WEIR"," ","",2,0.5,1,"2026-02-22 08:09:58.263232",2026,2,0.0
"LOW",207,"DAM/WEIR"," ","",2,0.5,1,"2026-02-22 08:09:58.263232",2026,2,0.0
"LOW",208,"DAM/WEIR"," ","",2,0.5,1,"2026-02-22 08:09:58.263232",2026,2,0.0
"LOW",209,"DAM/WEIR"," ","",2,0.5,1,"2026-02-22 08:09:58.263232",2026,2,0.0
"LOW",210,"DAM/WEIR"," ","",2,0.5,1,"2026-02-22 08:09:58.263232",2026,2,0.0
"LOW",211,"DAM/WEIR"," ","",2,0.5,1,"2026-02-22 08:09:58.263232",2026,2,0.0
"MEDIUM",212,"LAKE/POND","UNNAMED","",3,0.75,7,"2026-02-22 08:09:58.263232",2026,2,0.6
"LOW",213,"DAM/WEIR"," ","",2,0.5,1,"2026-02-22 08:09:58.263232",2026,2,0.0
"LOW",214,"DAM/WEIR"," ","",2,0.5,1,"2026-02-22 08:09:58.263232",2026,2,0.0
"LOW",215," ","HORSE CREEK","",2,0.5,11,"2026-02-22 08:09:58.263232",2026,2,0.0
"LOW",216," ","HORSE CREEK","",2,0.5,11,"2026-02-22 08:09:58.263232",2026,2,0.0
"LOW",217," "," ","",1,0.25,1,"2026-02-22 08:09:58.263232",2026,2,0.0
"LOW",218," "," ","",1,0.25,1,"2026-02-22 08:09:58.263232",2026,2,0.0
"LOW",219," "," ","",1,0.25,1,"2026-02-22 08:09:58.263232",2026,2,0.0
"LOW",220,"DAM/WEIR"," ","",2,0.5,1,"2026-02-22 08:09:58.263232",2026,2,0.0
"LOW",221," "," ","",1,0.25,1,"2026-02-22 08:09:58.263232",2026,2,0.0
"MEDIUM",222,"LAKE/POND","UNNAMED","",3,0.75,7,"2026-02-22 08:09:58.263232",2026,2,0.6
"LOW",223," ","NEW LIGHT CREEK","",2,0.5,15,"2026-02-22 08:09:58.263232",2026,2,0.0
"LOW",224,"DAM/WEIR"," ","",2,0.5,1,"2026-02-22 08:09:58.263232",2026,2,0.0
"LOW",225,"DAM/WEIR"," ","",2,0.5,1,"2026-02-22 08:09:58.263232",2026,2,0.0
"LOW",226,"LAKE/POND"," ","",2,0.5,1,"2026-02-22 08:09:58.263232",2026,2,0.0
"LOW",227,"DAM/WEIR"," ","",2,0.5,1,"2026-02-22 08:09:58.263232",2026,2,0.0
"MEDIUM",228,"RESERVOIR","UNNAMED","",3,0.75,7,"2026-02-22 08:09:58.263232",2026,2,0.6
"MEDIUM",229,"LAKE/POND","UNNAMED","",3,0.75,7,"2026-02-22 08:09:58.263232",2026,2,0.6
"LOW",230,"LAKE/POND"," ","",2,0.5,1,"2026-02-22 08:09:58.263232",2026,2,0.0
"LOW",231,"DAM/WEIR"," ","",2,0.5,1,"2026-02-22 08:09:58.263232",2026,2,0.0
"LOW",232," ","NEW LIGHT CREEK","",2,0.5,15,"2026-02-22 08:09:58.263232",2026,2,0.0
"LOW",233,"DAM/WEIR"," ","",2,0.5,1,"2026-02-22 08:09:58.263232",2026,2,0.0
"LOW",234," ","UNNAMED","",2,0.5,7,"2026-02-22 08:09:58.263232",2026,2,0.0
"LOW",235," ","HORSE CREEK","",2,0.5,11,"2026-02-22 08:09:58.263232",2026,2,0.0
"LOW",236,"DAM/WEIR"," ","",2,0.5,1,"2026-02-22 08:09:58.263232",2026,2,0.0
"MEDIUM",237,"LAKE/POND","UNNAMED","",3,0.75,7,"2026-02-22 08:09:58.263232",2026,2,0.6
"LOW",238," "," ","",1,0.25,1,"2026-02-22 08:09:58.263232",2026,2,0.0
"LOW",239,"DAM/WEIR"," ","",2,0.5,1,"2026-02-22 08:09:58.263232",2026,2,0.0
"LOW",240," "," ","",1,0.25,1,"2026-02-22 08:09:58.263232",2026,2,0.0
"LOW",241,"LAKE/POND"," ","",2,0.5,1,"2026-02-22 08:09:58.263232",2026,2,0.0
"LOW",242," ","UNNAMED","",2,0.5,7,"2026-02-22 08:09:58.263232",2026,2,0.0
"LOW",243,"DAM/WEIR"," ","",2,0.5,1,"2026-02-22 08:09:58.263232",2026,2,0.0
"LOW",244," "," ","",1,0.25,1,"2026-02-22 08:09:58.263232",2026,2,0.0
"LOW",245,"DAM/WEIR"," ","",2,0.5,1,"2026-02-22 08:09:58.263232",2026,2,0.0
"LOW",246,"DAM/WEIR"," ","",2,0.5,1,"2026-02-22 08:09:58.263232",2026,2,0.0
"LOW",247,"LAKE/POND"," ","",2,0.5,1,"2026-02-22 08:09:58.263232",2026,2,0.0
"LOW",248,"DAM/WEIR"," ","",2,0.5,1,"2026-02-22 08:09:58.263232",2026,2,0.0
"LOW",249,"DAM/WEIR"," ","",2,0.5,1,"2026-02-22 08:09:58.263232",2026,2,0.0
"LOW",250,"LAKE/POND"," ","",2,0.5,1,"2026-02-22 08:09:58.263232",2026,2,0.0
"LOW",251," ","LITTLE RIVER","",2,0.5,12,"2026-02-22 08:09:58.263232",2026,2,0.0
"LOW",252,"DAM/WEIR"," ","",2,0.5,1,"2026-02-22 08:09:58.263232",2026,2,0.0
"MEDIUM",253,"LAKE/POND","UNNAMED","",3,0.75,7,"2026-02-22 08:09:58.263232",2026,2,0.6
"MEDIUM",254,"LAKE/POND","UNNAMED","",3,0.75,7,"2026-02-22 08:09:58.263232",2026,2,0.6
"LOW",255,"DAM/WEIR"," ","",2,0.5,1,"2026-02-22 08:09:58.263232",2026,2,0.0
"LOW",256,"LAKE/POND"," ","",2,0.5,1,"2026-02-22 08:09:58.263232",2026,2,0.0
"LOW",257,"DAM/WEIR"," ","",2,0.5,1,"2026-02-22 08:09:58.263232",2026,2,0.0
"LOW",258,"DAM/WEIR"," ","",2,0.5,1,"2026-02-22 08:09:58.263232",2026,2,0.0
"LOW",259,"DAM/WEIR"," ","",2,0.5,1,"2026-02-22 08:09:58.263232",2026,2,0.0
"LOW",260," ","UNNAMED","",2,0.5,7,"2026-02-22 08:09:58.263232",2026,2,0.0
"LOW",261,"DAM/WEIR"," ","",2,0.5,1,"2026-02-22 08:09:58.263232",2026,2,0.0
"LOW",262," ","UNNAMED","",2,0.5,7,"2026-02-22 08:09:58.263232",2026,2,0.0
"LOW",263,"DAM/WEIR"," ","",2,0.5,1,"2026-02-22 08:09:58.263232",2026,2,0.0
"MEDIUM",264,"LAKE/POND","UNNAMED","",3,0.75,7,"2026-02-22 08:09:58.263232",2026,2,0.6
"MEDIUM",265,"STREAM/RIVER","PANTHER CREEK","",3,0.75,13,"2026-02-22 08:09:58.263232",2026,2,0.6
"LOW",266,"DAM/WEIR"," ","",2,0.5,1,"2026-02-22 08:09:58.263232",2026,2,0.0
"LOW",267,"DAM/WEIR"," ","",2,0.5,1,"2026-02-22 08:09:58.263232",2026,2,0.0
"LOW",268,"DAM/WEIR"," ","",2,0.5,1,"2026-02-22 08:09:58.263232",2026,2,0.0
"LOW",269,"DAM/WEIR"," ","",2,0.5,1,"2026-02-22 08:09:58.263232",2026,2,0.0
"LOW",270,"DAM/WEIR"," ","",2,0.5,1,"2026-02-22 08:09:58.263232",2026,2,0.0
"LOW",271,"DAM/WEIR"," ","",2,0.5,1,"2026-02-22 08:09:58.263232",2026,2,0.0
"MEDIUM",272,"LAKE/POND","UNNAMED","",3,0.75,7,"2026-02-22 08:09:58.263232",2026,2,0.6
"LOW",273," ","UNNAMED","",2,0.5,7,"2026-02-22 08:09:58.263232",2026,2,0.0
"LOW",274," ","UNNAMED","",2,0.5,7,"2026-02-22 08:09:58.263232",2026,2,0.0
"LOW",275,"DAM/WEIR"," ","",2,0.5,1,"2026-02-22 08:09:58.263232",2026,2,0.0
"LOW",276,"DAM/WEIR"," ","",2,0.5,1,"2026-02-22 08:09:58.263232",2026,2,0.0
"LOW",277,"ROCK/ISLAND"," ","",2,0.5,1,"2026-02-22 08:09:58.263232",2026,2,0.0
"LOW",278,"DAM/WEIR"," ","",2,0.5,1,"2026-02-22 08:09:58.263232",2026,2,0.0
"MEDIUM",279,"LAKE/POND","UNNAMED","",3,0.75,7,"2026-02-22 08:09:58.263232",2026,2,0.6
"LOW",280,"LAKE/POND"," ","",2,0.5,1,"2026-02-22 08:09:58.263232",2026,2,0.0
"LOW",281,"DAM/WEIR"," ","",2,0.5,1,"2026-02-22 08:09:58.263232",2026,2,0.0
"LOW",282,"DAM/WEIR"," ","",2,0.5,1,"2026-02-22 08:09:58.263232",2026,2,0.0
"LOW",283," ","UNNAMED","",2,0.5,7,"2026-02-22 08:09:58.263232",2026,2,0.0
"LOW",284,"DAM/WEIR"," ","",2,0.5,1,"2026-02-22 08:09:58.263232",2026,2,0.0
"MEDIUM",285,"LAKE/POND","UNNAMED","",3,0.75,7,"2026-02-22 08:09:58.263232",2026,2,0.6
"LOW",286,"DAM/WEIR"," ","",2,0.5,1,"2026-02-22 08:09:58.263232",2026,2,0.0
"LOW",287,"DAM/WEIR"," ","",2,0.5,1,"2026-02-22 08:09:58.263232",2026,2,0.0
"LOW",288,"DAM/WEIR"," ","",2,0.5,1,"2026-02-22 08:09:58.263232",2026,2,0.0
"LOW",289,"DAM/WEIR"," ","",2,0.5,1,"2026-02-22 08:09:58.263232",2026,2,0.0
"LOW",290,"DAM/WEIR"," ","",2,0.5,1,"2026-02-22 08:09:58.263232",2026,2,0.0
"MEDIUM",291,"LAKE/POND","UNNAMED","",3,0.75,7,"2026-02-22 08:09:58.263232",2026,2,0.6
"MEDIUM",292,"LAKE/POND","UNNAMED","",3,0.75,7,"2026-02-22 08:09:58.263232",2026,2,0.6
"LOW",293," ","UNNAMED","",2,0.5,7,"2026-02-22 08:09:58.263232",2026,2,0.0
"LOW",294,"RESERVOIR"," ","",2,0.5,1,"2026-02-22 08:09:58.263232",2026,2,0.0
"MEDIUM",295,"RESERVOIR","UNNAMED","",3,0.75,7,"2026-02-22 08:09:58.263232",2026,2,0.6
"LOW",296,"DAM/WEIR"," ","",2,0.5,1,"2026-02-22 08:09:58.263232",2026,2,0.0
"LOW",297,"DAM/WEIR"," ","",2,0.5,1,"2026-02-22 08:09:58.263232",2026,2,0.0
"LOW",298,"DAM/WEIR"," ","",2,0.5,1,"2026-02-22 08:09:58.263232",2026,2,0.0
"LOW",299,"DAM/WEIR"," ","",2,0.5,1,"2026-02-22 08:09:58.263232",2026,2,0.0
"LOW",300,"DAM/WEIR"," ","",2,0.5,1,"2026-02-22 08:09:58.263232",2026,2,0.0
"LOW",301,"DAM/WEIR"," ","",2,0.5,1,"2026-02-22 08:09:58.263232",2026,2,0.0
"LOW",302," ","LOWER BARTON CREEK","",2,0.5,18,"2026-02-22 08:09:58.263232",2026,2,0.0
"LOW",303,"DAM/WEIR"," ","",2,0.5,1,"2026-02-22 08:09:58.263232",2026,2,0.0
"LOW",304,"LAKE/POND"," ","",2,0.5,1,"2026-02-22 08:09:58.263232",2026,2,0.0
"LOW",305," ","MOCCASIN CREEK","",2,0.5,14,"2026-02-22 08:09:58.263232",2026,2,0.0
"LOW",306,"DAM/WEIR"," ","",2,0.5,1,"2026-02-22 08:09:58.263232",2026,2,0.0
"LOW",307,"TUNNEL/CULVERT"," ","",2,0.5,1,"2026-02-22 08:09:58.263232",2026,2,0.0
"LOW",308," "," ","",1,0.25,1,"2026-02-22 08:09:58.263232",2026,2,0.0
"LOW",309," "," ","",1,0.25,1,"2026-02-22 08:09:58.263232",2026,2,0.0
"LOW",310,"DAM/WEIR"," ","",2,0.5,1,"2026-02-22 08:09:58.263232",2026,2,0.0
"LOW",311,"DAM/WEIR"," ","",2,0.5,1,"2026-02-22 08:09:58.263232",2026,2,0.0
"LOW",312,"LAKE/POND"," ","",2,0.5,1,"2026-02-22 08:09:58.263232",2026,2,0.0
"LOW",313," ","TOMS CREEK","",2,0.5,10,"2026-02-22 08:09:58.263232",2026,2,0.0
"LOW",314,"SPILLWAY"," ","",2,0.5,1,"2026-02-22 08:09:58.263232",2026,2,0.0
"LOW",315,"ROCK/ISLAND"," ","",2,0.5,1,"2026-02-22 08:09:58.263232",2026,2,0.0
"LOW",316,"DAM/WEIR"," ","",2,0.5,1,"2026-02-22 08:09:58.263232",2026,2,0.0
"LOW",317," "," ","",1,0.25,1,"2026-02-22 08:09:58.263232",2026,2,0.0
"LOW",318," ","TOMS CREEK","",2,0.5,10,"2026-02-22 08:09:58.263232",2026,2,0.0
"LOW",319," "," ","",1,0.25,1,"2026-02-22 08:09:58.263232",2026,2,0.0
"LOW",320,"DAM/WEIR"," ","",2,0.5,1,"2026-02-22 08:09:58.263232",2026,2,0.0
"LOW",321," ","UNNAMED","",2,0.5,7,"2026-02-22 08:09:58.263232",2026,2,0.0
"LOW",322," ","HORSE CREEK","",2,0.5,11,"2026-02-22 08:09:58.263232",2026,2,0.0
"LOW",323,"DAM/WEIR"," ","",2,0.5,1,"2026-02-22 08:09:58.263232",2026,2,0.0
"LOW",324,"DAM/WEIR"," ","",2,0.5,1,"2026-02-22 08:09:58.263232",2026,2,0.0
"LOW",325,"DAM/WEIR"," ","",2,0.5,1,"2026-02-22 08:09:58.263232",2026,2,0.0
"LOW",326," ","HONEYCUTT CREEK","",2,0.5,15,"2026-02-22 08:09:58.263232",2026,2,0.0
"LOW",327,"RESERVOIR"," ","",2,0.5,1,"2026-02-22 08:09:58.263232",2026,2,0.0
"LOW",328,"RESERVOIR"," ","",2,0.5,1,"2026-02-22 08:09:58.263232",2026,2,0.0
"MEDIUM",329,"RESERVOIR","UNNAMED","",3,0.75,7,"2026-02-22 08:09:58.263232",2026,2,0.6
"LOW",330,"DAM/WEIR"," ","",2,0.5,1,"2026-02-22 08:09:58.263232",2026,2,0.0
"LOW",331,"DAM/WEIR"," ","",2,0.5,1,"2026-02-22 08:09:58.263232",2026,2,0.0
"LOW",332," "," ","",1,0.25,1,"2026-02-22 08:09:58.263232",2026,2,0.0
"LOW",333,"RESERVOIR"," ","",2,0.5,1,"2026-02-22 08:09:58.263232",2026,2,0.0
"LOW",334," "," ","",1,0.25,1,"2026-02-22 08:09:58.263232",2026,2,0.0
"LOW",335," "," ","",1,0.25,1,"2026-02-22 08:09:58.263232",2026,2,0.0
"LOW",336,"DAM/WEIR"," ","",2,0.5,1,"2026-02-22 08:09:58.263232",2026,2,0.0
"LOW",337," "," ","",1,0.25,1,"2026-02-22 08:09:58.263232",2026,2,0.0
"LOW",338,"LAKE/POND"," ","",2,0.5,1,"2026-02-22 08:09:58.263232",2026,2,0.0
"MEDIUM",339,"LAKE/POND","UNNAMED","",3,0.75,7,"2026-02-22 08:09:58.263232",2026,2,0.6
"LOW",340,"DAM/WEIR"," ","",2,0.5,1,"2026-02-22 08:09:58.263232",2026,2,0.0
"LOW",341," "," ","",1,0.25,1,"2026-02-22 08:09:58.263232",2026,2,0.0
"LOW",342,"LAKE/POND"," ","",2,0.5,1,"2026-02-22 08:09:58.263232",2026,2,0.0
"LOW",343,"DAM/WEIR"," ","",2,0.5,1,"2026-02-22 08:09:58.263232",2026,2,0.0
"LOW",344,"DAM/WEIR"," ","",2,0.5,1,"2026-02-22 08:09:58.263232",2026,2,0.0
"LOW",345," "," ","",1,0.25,1,"2026-02-22 08:09:58.263232",2026,2,0.0
"MEDIUM",346,"LAKE/POND","UNNAMED","",3,0.75,7,"2026-02-22 08:09:58.263232",2026,2,0.6
"LOW",347," ","MOCCASIN CREEK","",2,0.5,14,"2026-02-22 08:09:58.263232",2026,2,0.0
"MEDIUM",348,"LAKE/POND","UNNAMED","",3,0.75,7,"2026-02-22 08:09:58.263232",2026,2,0.6
"LOW",349,"DAM/WEIR"," ","",2,0.5,1,"2026-02-22 08:09:58.263232",2026,2,0.0
"LOW",350,"DAM/WEIR"," ","",2,0.5,1,"2026-02-22 08:09:58.263232",2026,2,0.0
"LOW",351,"DAM/WEIR"," ","",2,0.5,1,"2026-02-22 08:09:58.263232",2026,2,0.0
"MEDIUM",352,"LAKE/POND","UNNAMED","",3,0.75,7,"2026-02-22 08:09:58.263232",2026,2,0.6
"LOW",353,"RESERVOIR"," ","",2,0.5,1,"2026-02-22 08:09:58.263232",2026,2,0.0
"LOW",354," ","UNNAMED","",2,0.5,7,"2026-02-22 08:09:58.263232",2026,2,0.0
"LOW",355,"DAM/WEIR"," ","",2,0.5,1,"2026-02-22 08:09:58.263232",2026,2,0.0
"LOW",356,"DAM/WEIR"," ","",2,0.5,1,"2026-02-22 08:09:58.263232",2026,2,0.0
"LOW",357,"DAM/WEIR"," ","",2,0.5,1,"2026-02-22 08:09:58.263232",2026,2,0.0
"MEDIUM",358,"LAKE/POND","UNNAMED","",3,0.75,7,"2026-02-22 08:09:58.263232",2026,2,0.6
"LOW",359," "," ","",1,0.25,1,"2026-02-22 08:09:58.263232",2026,2,0.0
"LOW",360," "," ","",1,0.25,1,"2026-02-22 08:09:58.263232",2026,2,0.0
"LOW",361," ","UNNAMED","",2,0.5,7,"2026-02-22 08:09:58.263232",2026,2,0.0
"LOW",362," ","UNNAMED","",2,0.5,7,"2026-02-22 08:09:58.263232",2026,2,0.0
"LOW",363," ","SMITH CREEK","",2,0.5,11,"2026-02-22 08:09:58.263232",2026,2,0.0
"LOW",364,"DAM/WEIR"," ","",2,0.5,1,"2026-02-22 08:09:58.263232",2026,2,0.0
"LOW",365,"DAM/WEIR"," ","",2,0.5,1,"2026-02-22 08:09:58.263232",2026,2,0.0
"LOW",366,"DAM/WEIR"," ","",2,0.5,1,"2026-02-22 08:09:58.263232",2026,2,0.0
"LOW",367,"DAM/WEIR"," ","",2,0.5,1,"2026-02-22 08:09:58.263232",2026,2,0.0
"LOW",368," "," ","",1,0.25,1,"2026-02-22 08:09:58.263232",2026,2,0.0
"LOW",369,"DAM/WEIR"," ","",2,0.5,1,"2026-02-22 08:09:58.263232",2026,2,0.0
"MEDIUM",370,"LAKE/POND","UNNAMED","",3,0.75,7,"2026-02-22 08:09:58.263232",2026,2,0.6
"LOW",371,"LAKE/POND"," ","",2,0.5,1,"2026-02-22 08:09:58.263232",2026,2,0.0
"LOW",372,"LAKE/POND"," ","",2,0.5,1,"2026-02-22 08:09:58.263232",2026,2,0.0
"LOW",373," "," ","",1,0.25,1,"2026-02-22 08:09:58.263232",2026,2,0.0
"LOW",374," "," ","",1,0.25,1,"2026-02-22 08:09:58.263232",2026,2,0.0
"LOW",375,"DAM/WEIR"," ","",2,0.5,1,"2026-02-22 08:09:58.263232",2026,2,0.0
"LOW",376,"DAM/WEIR"," ","",2,0.5,1,"2026-02-22 08:09:58.263232",2026,2,0.0
"LOW",377,"DAM/WEIR"," ","",2,0.5,1,"2026-02-22 08:09:58.263232",2026,2,0.0
"LOW",378,"DAM/WEIR"," ","",2,0.5,1,"2026-02-22 08:09:58.263232",2026,2,0.0
"LOW",379," "," ","",1,0.25,1,"2026-02-22 08:09:58.263232",2026,2,0.0
"LOW",380," "," ","",1,0.25,1,"2026-02-22 08:09:58.263232",2026,2,0.0
"LOW",381,"DAM/WEIR"," ","",2,0.5,1,"2026-02-22 08:09:58.263232",2026,2,0.0
"LOW",382,"DAM/WEIR"," ","",2,0.5,1,"2026-02-22 08:09:58.263232",2026,2,0.0
"MEDIUM",383,"LAKE/POND","UNNAMED","",3,0.75,7,"2026-02-22 08:09:58.263232",2026,2,0.6
"MEDIUM",384,"LAKE/POND","UNNAMED","",3,0.75,7,"2026-02-22 08:09:58.263232",2026,2,0.6
"LOW",385,"DAM/WEIR"," ","",2,0.5,1,"2026-02-22 08:09:58.263232",2026,2,0.0
"LOW",386,"LAKE/POND"," ","",2,0.5,1,"2026-02-22 08:09:58.263232",2026,2,0.0
"LOW",387,"LAKE/POND"," ","",2,0.5,1,"2026-02-22 08:09:58.263232",2026,2,0.0
"MEDIUM",388,"LAKE/POND","BUFFALO CREEK","",3,0.75,13,"2026-02-22 08:09:58.263232",2026,2,0.6
"LOW",389,"DAM/WEIR"," ","",2,0.5,1,"2026-02-22 08:09:58.263232",2026,2,0.0
"MEDIUM",390,"LAKE/POND","UNNAMED","",3,0.75,7,"2026-02-22 08:09:58.263232",2026,2,0.6
"MEDIUM",391,"LAKE/POND","MOCCASIN CREEK","",3,0.75,14,"2026-02-22 08:09:58.263232",2026,2,0.6
"LOW",392,"DAM/WEIR"," ","",2,0.5,1,"2026-02-22 08:09:58.263232",2026,2,0.0
"MEDIUM",393,"LAKE/POND","UNNAMED","",3,0.75,7,"2026-02-22 08:09:58.263232",2026,2,0.6
"LOW",394,"LAKE/POND"," ","",2,0.5,1,"2026-02-22 08:09:58.263232",2026,2,0.0
"LOW",395,"DAM/WEIR"," ","",2,0.5,1,"2026-02-22 08:09:58.263232",2026,2,0.0
"LOW",396,"DAM/WEIR"," ","",2,0.5,1,"2026-02-22 08:09:58.263232",2026,2,0.0
"LOW",397,"LAKE/POND"," ","",2,0.5,1,"2026-02-22 08:09:58.263232",2026,2,0.0
"LOW",398,"LAKE/POND"," ","",2,0.5,1,"2026-02-22 08:09:58.263232",2026,2,0.0
"LOW",399," ","UNNAMED","",2,0.5,7,"2026-02-22 08:09:58.263232",2026,2,0.0
"LOW",400," ","FOWLERS MILL CREEK","",2,0.5,18,"2026-02-22 08:09:58.263232",2026,2,0.0
"MEDIUM",401,"LAKE/POND","UNNAMED","",3,0.75,7,"2026-02-22 08:09:58.263232",2026,2,0.6
"LOW",402," "," ","",1,0.25,1,"2026-02-22 08:09:58.263232",2026,2,0.0
"LOW",403,"DAM/WEIR"," ","",2,0.5,1,"2026-02-22 08:09:58.263232",2026,2,0.0
"LOW",404,"DAM/WEIR"," ","",2,0.5,1,"2026-02-22 08:09:58.263232",2026,2,0.0
"LOW",405,"DAM/WEIR"," ","",2,0.5,1,"2026-02-22 08:09:58.263232",2026,2,0.0
"LOW",406,"DAM/WEIR"," ","",2,0.5,1,"2026-02-22 08:09:58.263232",2026,2,0.0
"LOW",407," ","KIT CREEK","",2,0.5,9,"2026-02-22 08:09:58.263232",2026,2,0.0
"LOW",408," ","KIT CREEK","",2,0.5,9,"2026-02-22 08:09:58.263232",2026,2,0.0
"LOW",409,"DAM/WEIR"," ","",2,0.5,1,"2026-02-22 08:09:58.263232",2026,2,0.0
"LOW",410,"ROCK/ISLAND"," ","",2,0.5,1,"2026-02-22 08:09:58.263232",2026,2,0.0
"LOW",411,"DAM/WEIR"," ","",2,0.5,1,"2026-02-22 08:09:58.263232",2026,2,0.0
"MEDIUM",412,"LAKE/POND","UNNAMED","",3,0.75,7,"2026-02-22 08:09:58.263232",2026,2,0.6
"LOW",413,"DAM/WEIR"," ","",2,0.5,1,"2026-02-22 08:09:58.263232",2026,2,0.0
"MEDIUM",414,"LAKE/POND","UNNAMED","",3,0.75,7,"2026-02-22 08:09:58.263232",2026,2,0.6
"LOW",415,"DAM/WEIR"," ","",2,0.5,1,"2026-02-22 08:09:58.263232",2026,2,0.0
"LOW",416," "," ","",1,0.25,1,"2026-02-22 08:09:58.263232",2026,2,0.0
"MEDIUM",417,"LAKE/POND","UNNAMED","",3,0.75,7,"2026-02-22 08:09:58.263232",2026,2,0.6
"LOW",418,"DAM/WEIR"," ","",2,0.5,1,"2026-02-22 08:09:58.263232",2026,2,0.0
"LOW",419," "," ","",1,0.25,1,"2026-02-22 08:09:58.263232",2026,2,0.0
"LOW",420,"DAM/WEIR"," ","",2,0.5,1,"2026-02-22 08:09:58.263232",2026,2,0.0
"LOW",421," "," ","",1,0.25,1,"2026-02-22 08:09:58.263232",2026,2,0.0
"LOW",422,"DAM/WEIR"," ","",2,0.5,1,"2026-02-22 08:09:58.263232",2026,2,0.0
"LOW",423," "," ","",1,0.25,1,"2026-02-22 08:09:58.263232",2026,2,0.0
"LOW",424,"DAM/WEIR"," ","",2,0.5,1,"2026-02-22 08:09:58.263232",2026,2,0.0
"LOW",425,"DAM/WEIR"," ","",2,0.5,1,"2026-02-22 08:09:58.263232",2026,2,0.0
"LOW",426,"DAM/WEIR"," ","",2,0.5,1,"2026-02-22 08:09:58.263232",2026,2,0.0
"LOW",427,"RESERVOIR"," ","",2,0.5,1,"2026-02-22 08:09:58.263232",2026,2,0.0
"LOW",428," "," ","",1,0.25,1,"2026-02-22 08:09:58.263232",2026,2,0.0
"LOW",429," "," ","",1,0.25,1,"2026-02-22 08:09:58.263232",2026,2,0.0
"LOW",430," ","UNNAMED","",2,0.5,7,"2026-02-22 08:09:58.263232",2026,2,0.0
"LOW",431,"DAM/WEIR"," ","",2,0.5,1,"2026-02-22 08:09:58.263232",2026,2,0.0
"MEDIUM",432,"LAKE/POND","UNNAMED","",3,0.75,7,"2026-02-22 08:09:58.263232",2026,2,0.6
"LOW",433,"ROCK/ISLAND"," ","",2,0.5,1,"2026-02-22 08:09:58.263232",2026,2,0.0
"LOW",434," "," ","",1,0.25,1,"2026-02-22 08:09:58.263232",2026,2,0.0
"LOW",435,"DAM/WEIR"," ","",2,0.5,1,"2026-02-22 08:09:58.263232",2026,2,0.0
"MEDIUM",436,"LAKE/POND","UNNAMED","",3,0.75,7,"2026-02-22 08:09:58.263232",2026,2,0.6
"MEDIUM",437,"RESERVOIR","UNNAMED","",3,0.75,7,"2026-02-22 08:09:58.263232",2026,2,0.6
"LOW",438," "," ","",1,0.25,1,"2026-02-22 08:09:58.263232",2026,2,0.0
"LOW",439,"DAM/WEIR"," ","",2,0.5,1,"2026-02-22 08:09:58.263232",2026,2,0.0
"LOW",440," ","KIT CREEK","",2,0.5,9,"2026-02-22 08:09:58.263232",2026,2,0.0
"MEDIUM",441,"LAKE/POND","UNNAMED","",3,0.75,7,"2026-02-22 08:09:58.263232",2026,2,0.6
"MEDIUM",442,"LAKE/POND","BRIER CREEK RESERVOIR","",3,0.75,21,"2026-02-22 08:09:58.263232",2026,2,0.6
"MEDIUM",443,"LAKE/POND","LAKE CRABTREE","",3,0.75,13,"2026-02-22 08:09:58.263232",2026,2,0.6
"LOW",444,"DAM/WEIR"," ","",2,0.5,1,"2026-02-22 08:09:58.263232",2026,2,0.0
"LOW",445," "," ","",1,0.25,1,"2026-02-22 08:09:58.263232",2026,2,0.0
"LOW",446,"DAM/WEIR"," ","",2,0.5,1,"2026-02-22 08:09:58.263232",2026,2,0.0
"MEDIUM",447,"LAKE/POND","UNNAMED","",3,0.75,7,"2026-02-22 08:09:58.263232",2026,2,0.6
"LOW",448,"LAKE/POND"," ","",2,0.5,1,"2026-02-22 08:09:58.263232",2026,2,0.0
"LOW",449,"DAM/WEIR"," ","",2,0.5,1,"2026-02-22 08:09:58.263232",2026,2,0.0
"LOW",450,"LAKE/POND"," ","",2,0.5,1,"2026-02-22 08:09:58.263232",2026,2,0.0
"MEDIUM",451,"LAKE/POND","UNNAMED","",3,0.75,7,"2026-02-22 08:09:58.263232",2026,2,0.6
"LOW",452,"DAM/WEIR"," ","",2,0.5,1,"2026-02-22 08:09:58.263232",2026,2,0.0
"LOW",453,"LAKE/POND"," ","",2,0.5,1,"2026-02-22 08:09:58.263232",2026,2,0.0
"LOW",454,"DAM/WEIR"," ","",2,0.5,1,"2026-02-22 08:09:58.263232",2026,2,0.0
"LOW",455," "," ","",1,0.25,1,"2026-02-22 08:09:58.263232",2026,2,0.0
"LOW",456,"DAM/WEIR"," ","",2,0.5,1,"2026-02-22 08:09:58.263232",2026,2,0.0
"LOW",457,"LAKE/POND"," ","",2,0.5,1,"2026-02-22 08:09:58.263232",2026,2,0.0
"LOW",458," ","UNNAMED","",2,0.5,7,"2026-02-22 08:09:58.263232",2026,2,0.0
"LOW",459,"DAM/WEIR"," ","",2,0.5,1,"2026-02-22 08:09:58.263232",2026,2,0.0
"LOW",460,"DAM/WEIR"," ","",2,0.5,1,"2026-02-22 08:09:58.263232",2026,2,0.0
"MEDIUM",461,"RESERVOIR","UNNAMED","",3,0.75,7,"2026-02-22 08:09:58.263232",2026,2,0.6
"LOW",462,"DAM/WEIR"," ","",2,0.5,1,"2026-02-22 08:09:58.263232",2026,2,0.0
"LOW",463,"DAM/WEIR"," ","",2,0.5,1,"2026-02-22 08:09:58.263232",2026,2,0.0
"LOW",464,"DAM/WEIR"," ","",2,0.5,1,"2026-02-22 08:09:58.263232",2026,2,0.0
"LOW",465,"LAKE/POND"," ","",2,0.5,1,"2026-02-22 08:09:58.263232",2026,2,0.0
"LOW",466,"DAM/WEIR"," ","",2,0.5,1,"2026-02-22 08:09:58.263232",2026,2,0.0
"LOW",467,"TUNNEL/CULVERT"," ","",2,0.5,1,"2026-02-22 08:09:58.263232",2026,2,0.0
"MEDIUM",468,"LAKE/POND","UNNAMED","",3,0.75,7,"2026-02-22 08:09:58.263232",2026,2,0.6
"MEDIUM",469,"LAKE/POND","UNNAMED","",3,0.75,7,"2026-02-22 08:09:58.263232",2026,2,0.6
"MEDIUM",470,"LAKE/POND","UNNAMED","",3,0.75,7,"2026-02-22 08:09:58.263232",2026,2,0.6
"LOW",471," "," ","",1,0.25,1,"2026-02-22 08:09:58.263232",2026,2,0.0
"LOW",472," ","BEAVERDAM CREEK","",2,0.5,15,"2026-02-22 08:09:58.263232",2026,2,0.0
"LOW",473," "," ","",1,0.25,1,"2026-02-22 08:09:58.263232",2026,2,0.0
"LOW",474,"DAM/WEIR"," ","",2,0.5,1,"2026-02-22 08:09:58.263232",2026,2,0.0
"LOW",475,"DAM/WEIR"," ","",2,0.5,1,"2026-02-22 08:09:58.263232",2026,2,0.0
"MEDIUM",476,"LAKE/POND","UNNAMED","",3,0.75,7,"2026-02-22 08:09:58.263232",2026,2,0.6
"MEDIUM",477,"LAKE/POND","UNNAMED","",3,0.75,7,"2026-02-22 08:09:58.263232",2026,2,0.6
"MEDIUM",478,"LAKE/POND","HARRIS CREEK","",3,0.75,12,"2026-02-22 08:09:58.263232",2026,2,0.6
"LOW",479," "," ","",1,0.25,1,"2026-02-22 08:09:58.263232",2026,2,0.0
"LOW",480," "," ","",1,0.25,1,"2026-02-22 08:09:58.263232",2026,2,0.0
"LOW",481," "," ","",1,0.25,1,"2026-02-22 08:09:58.263232",2026,2,0.0
"LOW",482,"DAM/WEIR"," ","",2,0.5,1,"2026-02-22 08:09:58.263232",2026,2,0.0
"LOW",483,"DAM/WEIR"," ","",2,0.5,1,"2026-02-22 08:09:58.263232",2026,2,0.0
"MEDIUM",484,"LAKE/POND","UNNAMED","",3,0.75,7,"2026-02-22 08:09:58.263232",2026,2,0.6
"LOW",485,"DAM/WEIR"," ","",2,0.5,1,"2026-02-22 08:09:58.263232",2026,2,0.0
"MEDIUM",486,"LAKE/POND","HARRIS CREEK","",3,0.75,12,"2026-02-22 08:09:58.263232",2026,2,0.6
"LOW",487,"DAM/WEIR"," ","",2,0.5,1,"2026-02-22 08:09:58.263232",2026,2,0.0
"LOW",488,"ROCK/ISLAND"," ","",2,0.5,1,"2026-02-22 08:09:58.263232",2026,2,0.0
"LOW",489,"DAM/WEIR"," ","",2,0.5,1,"2026-02-22 08:09:58.263232",2026,2,0.0
"LOW",490,"DAM/WEIR"," ","",2,0.5,1,"2026-02-22 08:09:58.263232",2026,2,0.0
"MEDIUM",491,"LAKE/POND","HARRIS CREEK","",3,0.75,12,"2026-02-22 08:09:58.263232",2026,2,0.6
"LOW",492,"LAKE/POND"," ","",2,0.5,1,"2026-02-22 08:09:58.263232",2026,2,0.0
"LOW",493,"RESERVOIR"," ","",2,0.5,1,"2026-02-22 08:09:58.263232",2026,2,0.0
"MEDIUM",494,"RESERVOIR","UNNAMED","",3,0.75,7,"2026-02-22 08:09:58.263232",2026,2,0.6
"LOW",495,"DAM/WEIR"," ","",2,0.5,1,"2026-02-22 08:09:58.263232",2026,2,0.0
"LOW",496," ","UNNAMED","",2,0.5,7,"2026-02-22 08:09:58.263232",2026,2,0.0
"LOW",497,"DAM/WEIR"," ","",2,0.5,1,"2026-02-22 08:09:58.263232",2026,2,0.0
"LOW",498,"RESERVOIR"," ","",2,0.5,1,"2026-02-22 08:09:58.263232",2026,2,0.0
"LOW",499," ","MOCCASIN CREEK","",2,0.5,14,"2026-02-22 08:09:58.263232",2026,2,0.0
"MEDIUM",500,"LAKE/POND","UNNAMED","",3,0.75,7,"2026-02-22 08:09:58.263232",2026,2,0.6
